item_id,modified_date
10,2011-05-18
10090,2012-10-10
10130,2014-09-15
10140,2011-07-10
10150,2010-12-07
10180,2011-01-30
10220,2014-01-27
102500,2013-12-10
102600,2011-12-27
102700,2013-08-04
102820,2014-01-20
102840,2013-12-17
102850,2012-04-07
104000,2013-08-20
104200,2015-07-22
104600,2013-09-09
104700,2012-05-13
104900,2013-08-19
10500,2010-12-28
105000,2020-03-31
105100,2014-12-05
105300,2013-12-03
105400,2011-06-02
105420,2014-10-07
105430,2012-07-13
105450,2013-04-28
105600,2011-05-20
105700,2012-06-03
105800,2014-06-24
10604,2015-02-28
10680,2011-05-03
107100,2011-08-17
107200,2011-08-31
107300,2011-07-17
107310,2011-07-17
107410,2013-03-24
107600,2012-04-10
107800,2012-12-06
107900,2011-07-19
108200,2015-11-15
108500,2015-05-28
108600,2013-11-08
108710,2012-02-23
108800,2012-07-08
109400,2012-08-20
109410,2013-02-10
109600,2013-12-08
11020,2012-03-07
110400,2015-12-09
110800,2012-07-12
111100,2020-02-07
11130,2014-12-16
11140,2014-12-16
111400,2015-06-12
111600,2014-06-22
11170,2010-12-18
111800,2011-09-20
111900,2014-04-15
11230,2012-07-20
11240,2014-03-12
11260,2014-02-11
11280,2014-03-12
113020,2013-10-30
113200,2011-12-28
113204,2013-10-31
11330,2014-05-30
11340,2014-06-20
113400,2011-12-27
113420,2012-02-22
11360,2013-12-27
11390,2014-04-17
11420,2014-03-07
11450,2011-06-20
115100,2014-07-15
115110,2014-12-12
115320,2014-08-11
11590,2014-09-08
11610,2013-02-10
1200,2012-06-23
12100,2013-12-04
12110,2013-06-01
12120,2012-11-09
12130,2014-03-09
12140,2013-06-26
12150,2015-06-03
12160,2020-01-11
12200,2013-07-18
12210,2012-01-25
12220,2011-07-09
12330,2015-04-19
12340,2014-09-30
12360,2013-12-16
12430,2012-06-30
12470,2013-12-25
12480,2014-08-30
1250,2010-12-03
12500,2011-02-05
12510,2020-01-13
12590,2014-07-23
12750,2011-09-22
1280,2014-01-11
12800,2013-07-14
12810,2011-12-27
12830,2011-05-17
12900,2010-11-26
130,2015-01-07
13140,2011-08-21
13210,2012-12-04
13230,2012-08-31
13250,2015-10-09
13500,2020-03-18
13510,2011-06-13
13520,2012-07-21
13540,2020-06-13
13560,2014-02-08
13570,2010-12-12
13600,2011-07-03
13640,2014-11-05
15000,2015-02-17
1510,2011-12-29
15100,2014-06-30
15120,2013-01-25
15130,2013-06-01
15150,2015-11-27
15170,2015-09-03
1520,2012-05-22
15200,2014-04-13
15230,2020-02-17
15300,2014-03-06
15320,2010-11-20
15390,2012-12-09
15520,2011-07-04
15560,2014-12-18
15620,2011-01-29
15700,2011-12-28
15710,2011-07-11
15750,2014-11-21
16120,2014-07-09
16450,2012-03-23
16600,2012-10-22
1670,2013-11-15
16710,2014-06-14
16720,2014-04-19
16730,2014-04-18
16810,2013-01-26
16870,2012-07-22
1690,2013-08-12
17020,2011-12-15
17080,2012-07-04
17100,2020-07-04
17300,2014-01-05
17330,2012-02-13
17390,2012-06-13
17410,2010-12-27
17430,2013-12-03
17440,2013-08-02
17450,2010-12-15
17460,2011-07-03
17470,2011-06-24
17480,2012-09-07
17500,2012-05-03
17510,2011-05-02
17520,2012-12-29
17530,2014-08-02
17550,2014-07-08
17570,2012-09-25
17580,2013-12-13
17700,2013-08-20
17710,2011-10-03
17730,2015-09-07
17740,2014-08-22
18000,2013-11-28
18020,2012-07-13
18040,2014-04-23
18110,2014-02-24
18120,2013-12-01
1840,2012-07-11
18500,2013-12-29
18700,2011-12-27
18820,2014-06-21
1900,2014-07-08
19000,2015-01-21
1930,2013-08-30
19500,2014-02-12
19680,2011-12-28
19830,2014-02-23
19900,2013-12-01
20,2012-07-16
200010,2012-07-13
200050,2014-08-01
200150,2014-03-24
200170,2013-03-10
200210,2012-02-25
200230,2014-06-21
200260,2013-02-05
200350,2014-01-27
200396,2015-04-04
200510,2012-10-11
200630,2014-09-29
200710,2012-10-01
200900,2011-12-28
200910,2011-12-28
200940,2012-08-21
201070,2013-11-27
201210,2014-10-16
201230,2015-03-24
201290,2014-04-28
201310,2015-08-31
201420,2013-07-11
201480,2015-03-08
201510,2014-04-15
201570,2014-08-13
201700,2013-11-25
201790,2012-08-25
201805,2015-02-24
201810,2014-05-20
201830,2013-02-01
201870,2012-12-06
202090,2014-03-22
202130,2013-12-25
202170,2012-12-07
202181,2014-10-16
202200,2012-07-13
202310,2013-10-06
202485,2014-12-11
202530,2020-09-14
202710,2011-12-26
202730,2015-08-12
202750,2013-11-26
202970,2012-11-13
203140,2012-12-28
203160,2013-03-05
203210,2014-03-29
203250,2014-10-07
203290,2013-11-16
203350,2015-04-18
203630,2012-12-22
203650,2013-06-21
203701,2015-07-11
203730,2014-08-19
203750,2013-05-19
203770,2012-07-14
203810,2012-03-20
203830,2014-01-18
203850,2012-09-01
204030,2013-12-20
204060,2014-01-21
204080,2013-06-24
204100,2012-06-02
204180,2015-04-08
204240,2013-12-23
204300,2012-08-17
204340,2013-12-27
204360,2012-10-12
204371,2015-01-15
204372,2015-01-20
204450,2013-05-27
204530,2013-10-22
204630,2012-12-07
204880,2012-07-13
20500,2012-07-20
205060,2013-05-19
205080,2013-12-31
20510,2011-12-29
205100,2012-10-11
205190,2014-03-05
205230,2020-02-16
20530,2013-11-26
205350,2013-07-16
20540,2015-08-01
205550,2014-05-01
205610,2012-05-05
205633,2015-08-28
205650,2014-07-04
20570,2011-02-05
205710,2020-02-15
205730,2013-09-27
205870,2014-03-03
205890,2020-05-28
205910,2013-01-25
205930,2014-02-22
205950,2014-06-19
205990,2015-01-14
206190,2013-06-06
206210,2012-09-06
206420,2013-08-27
206440,2012-09-15
206480,2012-08-07
206500,2012-11-23
206521,2014-11-30
206610,2014-05-28
206690,2013-08-20
207080,2012-07-12
207140,2013-11-24
207170,2013-01-06
207210,2014-05-04
207230,2013-07-05
207250,2012-07-05
207350,2014-08-12
207400,2013-08-03
207420,2013-12-29
207430,2015-04-22
207490,2012-12-12
207570,2012-08-13
207610,2012-07-12
207620,2015-03-16
207650,2014-01-17
207690,2014-02-11
207730,2014-02-16
207750,2012-08-11
207790,2015-11-26
207815,2014-10-25
207816,2015-11-05
207890,2013-11-26
207930,2013-10-02
208030,2014-03-15
208090,2013-05-17
208140,2012-05-30
208200,2012-12-11
208352,2020-02-03
208362,2015-07-22
20840,2014-01-04
208460,2013-11-26
208480,2012-11-28
208500,2013-08-12
208520,2013-12-06
208570,2013-08-06
208580,2013-12-21
208600,2014-04-06
208650,2015-06-22
208670,2013-03-18
208690,2015-05-12
208730,2013-03-31
208750,2015-06-14
208812,2014-11-03
20900,2011-04-15
209000,2013-10-27
209060,2013-08-01
209080,2013-02-23
209100,2012-09-27
209120,2020-05-05
209160,2013-11-05
20920,2011-06-02
209270,2012-09-30
209340,2013-11-28
209360,2015-01-19
209370,2012-07-12
209520,2013-12-30
209540,2013-12-15
209630,2014-10-07
209650,2014-11-03
209670,2013-08-16
209690,2012-06-29
209730,2013-12-29
209790,2013-06-08
209830,2013-03-02
209870,2012-07-03
209873,2014-10-31
2100,2020-08-16
21000,2014-05-05
210170,2014-10-31
210550,2014-06-22
210720,2012-12-11
210770,2013-05-16
210870,2014-07-26
210898,2014-12-15
21090,2013-01-18
210970,2020-01-28
210990,2014-08-23
21100,2012-10-06
211050,2014-05-08
211160,2014-05-14
211180,2012-08-18
211260,2013-05-29
211280,2014-04-04
211400,2013-05-19
211420,2012-08-27
211440,2014-06-26
211500,2013-02-15
211523,2020-05-06
211600,2014-01-23
21170,2012-02-17
211720,2014-12-06
211740,2014-04-06
211780,2015-12-24
211820,2013-12-04
212010,2014-05-20
212030,2014-07-11
212041,2014-11-11
212070,2013-12-06
212160,2013-12-04
212180,2012-07-09
212200,2014-01-23
212220,2012-07-22
212370,2012-12-11
212390,2014-01-02
212410,2013-01-07
212480,2013-02-04
212500,2012-10-13
212580,2014-04-09
212630,2013-07-23
212680,2012-09-20
212700,2012-12-20
212800,2012-10-23
212893,2015-02-24
213120,2014-11-25
213210,2015-11-03
213230,2020-09-18
213250,2015-03-04
213330,2012-09-08
213450,2014-04-10
213610,2013-07-04
213650,2013-03-21
213670,2014-03-05
213850,2013-06-27
214130,2014-09-13
214190,2014-05-10
214230,2012-12-21
214250,2014-08-21
214320,2014-08-27
214340,2014-03-29
214420,2013-03-24
214490,2014-10-06
214510,2013-02-16
214550,2014-09-24
214560,2013-12-20
214610,2014-04-15
214630,2013-12-24
214700,2013-08-11
214770,2014-02-22
214790,2013-12-20
214830,2014-01-01
214850,2012-11-14
214870,2014-10-09
214930,2015-09-22
214931,2015-01-19
214933,2015-03-23
214950,2013-09-11
214970,2013-10-11
215080,2014-09-19
215100,2014-08-17
215120,2013-11-25
215256,2015-12-04
215280,2013-09-05
215470,2012-10-30
215510,2014-05-11
215530,2013-07-01
215630,2020-08-14
215670,2013-01-11
215690,2020-08-20
215710,2015-12-30
215870,2013-09-19
216110,2014-10-13
216150,2013-02-02
216173,2020-07-22
216250,2013-09-28
216260,2014-11-26
21660,2011-03-05
216890,2013-12-07
21690,2013-12-27
216910,2013-08-15
217060,2012-09-29
217100,2013-12-19
217140,2013-09-14
217200,2013-10-28
217690,2014-01-05
21780,2013-11-13
217920,2014-04-15
218040,2014-03-07
218060,2013-11-25
218090,2014-06-13
218130,2013-03-23
218170,2014-10-14
218230,2012-11-21
218310,2013-10-25
218330,2013-12-02
218410,2013-06-25
218450,2014-03-29
218470,2014-01-14
218550,2015-12-03
218560,2015-07-07
218620,2013-08-14
218640,2014-02-17
218680,2013-03-22
218740,2014-02-05
218820,2013-07-28
218980,2014-03-02
219092,2014-12-14
219103,2014-12-18
219150,2012-12-21
219190,2013-11-30
219340,2013-03-24
219600,2013-09-25
219640,2012-11-29
219680,2013-12-09
21970,2010-12-07
219700,2014-02-05
219740,2012-12-15
219800,2013-12-19
219830,2013-11-05
219870,2013-12-07
219890,2013-02-01
219910,2013-04-07
21995,2015-03-17
219990,2013-11-28
220,2011-01-27
2200,2011-12-31
22000,2012-07-25
220050,2013-07-01
220090,2020-08-13
220160,2013-12-13
220200,2013-03-25
220240,2012-12-03
220260,2013-01-04
220440,2013-01-29
220460,2013-11-10
220660,2014-06-13
220700,2013-11-26
220740,2014-07-04
220760,2020-06-14
220780,2013-05-30
220820,2014-02-02
220860,2013-07-13
220900,2013-12-31
22100,2011-09-19
221001,2015-04-25
221020,2014-01-27
221040,2013-04-27
221080,2012-12-03
22110,2012-11-19
221100,2013-12-16
221180,2014-10-18
22120,2012-07-17
221220,2015-07-27
221260,2012-11-20
221300,2015-11-30
221360,2013-01-30
221380,2013-05-01
221430,2013-03-27
221540,2014-07-18
221640,2012-11-30
221680,2013-11-23
221790,2013-05-28
22180,2013-11-27
221810,2013-12-30
221910,2013-10-17
22200,2011-07-01
222140,2014-07-30
22230,2013-12-27
222420,2015-06-12
222440,2015-05-02
222480,2013-12-20
222520,2013-02-27
222587,2015-03-23
222660,2014-03-22
222710,2014-10-06
222730,2013-10-02
222750,2013-08-20
222880,2013-05-12
222900,2014-03-04
222940,2014-01-04
222980,2012-12-08
22300,2013-04-24
223100,2020-06-10
22320,2012-02-15
22330,2011-01-29
223390,2013-08-22
22340,2020-09-09
223430,2020-08-07
223470,2013-07-15
223490,2014-11-10
22350,2011-06-08
223510,2013-01-09
223630,2013-02-08
223670,2013-11-10
22370,2011-07-24
223710,2013-04-25
223750,2013-08-16
223770,2014-11-02
22380,2010-11-26
223810,2013-12-31
223830,2014-06-23
223850,2015-12-08
224060,2013-12-30
224260,2013-11-03
224280,2014-07-07
224320,2013-04-11
224420,2013-12-21
224440,2015-03-02
224460,2014-01-03
224480,2014-02-01
22450,2015-05-18
224500,2013-06-30
224540,2013-01-14
224580,2013-03-02
224600,2013-05-11
224760,2013-06-03
224820,2013-06-04
224900,2014-01-22
224960,2013-12-06
225080,2013-11-02
225140,2013-03-22
225160,2013-07-17
225260,2013-02-27
225280,2014-11-15
225300,2014-06-19
225340,2014-10-25
225360,2013-11-27
225420,2013-12-12
225540,2015-11-30
225600,2013-12-30
225640,2015-01-22
225833,2014-10-04
225840,2020-01-22
22600,2010-12-18
22610,2013-08-15
226320,2013-09-18
226459,2020-08-19
22650,2014-09-30
226560,2014-11-23
226580,2014-10-16
226620,2013-12-16
226669,2014-09-23
226700,2013-03-19
226720,2014-02-28
226740,2013-03-20
226840,2014-09-29
226860,2015-04-14
226880,2015-12-27
226960,2013-11-28
226980,2013-07-09
2270,2012-05-10
227020,2013-12-24
227080,2014-01-21
227100,2013-03-02
227160,2014-04-23
227180,2013-06-29
227200,2014-04-16
227220,2014-01-27
227240,2015-11-21
227260,2015-12-05
227280,2013-03-28
227300,2013-05-11
227310,2014-12-28
227320,2014-01-01
227480,2013-08-02
227560,2014-05-04
227580,2014-02-04
227600,2014-03-29
227680,2013-06-14
227700,2014-07-23
227780,2014-08-08
227800,2020-04-08
227860,2013-12-17
227940,2014-07-12
2280,2013-12-15
228180,2014-05-20
228260,2013-10-27
228280,2013-12-21
228300,2013-07-18
228380,2014-01-15
228400,2014-05-26
228440,2015-08-14
228560,2014-05-05
228740,2020-02-12
228760,2014-12-05
228880,2015-10-29
228940,2014-07-26
228960,2014-05-12
2290,2020-06-08
229580,2014-01-04
229870,2014-07-14
229950,2013-04-20
2300,2010-11-22
230050,2013-05-20
230070,2014-05-16
230090,2014-11-06
230190,2013-12-26
230230,2014-04-28
230270,2020-08-26
230290,2015-08-25
230310,2013-07-07
230410,2013-03-26
230650,2020-05-30
230700,2013-12-23
230820,2015-12-28
230840,2014-05-01
230940,2013-03-08
230980,2014-03-31
2310,2012-08-07
231040,2014-03-14
231060,2013-07-18
231140,2013-11-20
231160,2013-11-06
231180,2013-04-22
23120,2011-05-17
231250,2013-08-15
231310,2013-10-26
231330,2014-03-02
231410,2020-06-27
231430,2013-06-15
231670,2014-04-16
231740,2014-01-25
231910,2015-07-03
2320,2020-01-15
232010,2013-12-07
232050,2013-12-21
232090,2015-04-21
232430,2013-09-03
232450,2014-09-15
232750,2013-12-07
232770,2014-12-19
232790,2014-01-14
232810,2013-09-18
232890,2014-09-22
232910,2013-11-14
232950,2014-01-19
232970,2014-07-18
23310,2013-07-15
233110,2020-07-18
233130,2013-12-02
233150,2014-03-19
233190,2014-01-05
233250,2013-07-02
233270,2013-05-08
233290,2014-08-23
233310,2015-01-24
233350,2014-09-24
233370,2013-08-02
233450,2013-05-12
233470,2013-11-28
233550,2014-01-01
233610,2014-12-09
233630,2014-05-22
233700,2014-10-07
233720,2013-05-20
233740,2014-06-29
233840,2013-11-25
233860,2013-08-03
233980,2013-06-14
234000,2014-11-14
234080,2013-12-26
234140,2015-09-01
234160,2014-06-11
234190,2013-12-19
234310,2013-12-06
234330,2013-12-08
234390,2014-10-20
234490,2014-04-26
23450,2014-02-02
234530,2013-12-06
234630,2015-07-08
234650,2013-12-14
234670,2014-01-09
234710,2013-04-27
234772,2014-12-18
234792,2015-12-01
23490,2014-05-29
234920,2015-03-28
235070,2015-06-03
235210,2020-08-16
235250,2014-01-26
23530,2014-01-04
235340,2013-12-28
235360,2013-08-04
235400,2013-12-15
235460,2014-01-09
235540,2015-10-17
235580,2014-11-05
235600,2013-12-10
235760,2013-12-01
235780,2013-06-12
235800,2013-10-10
235980,2013-10-16
236090,2013-05-25
236110,2014-12-11
236150,2014-04-24
236370,2013-11-29
236390,2013-08-15
236430,2014-04-24
236450,2014-07-01
236470,2015-09-13
236510,2013-11-28
236690,2015-12-31
236730,2014-06-11
236790,2014-04-23
236850,2013-11-26
236870,2020-03-11
237110,2013-11-27
237310,2013-07-25
237370,2014-01-14
237590,2014-05-07
237630,2013-12-12
237740,2013-12-11
237760,2015-04-27
237850,2014-10-28
237870,2014-04-04
237890,2014-02-04
237930,2014-05-20
237950,2015-12-28
237970,2015-02-21
237990,2014-02-09
238010,2013-12-10
238070,2013-05-29
238090,2014-06-27
238170,2013-07-25
238210,2013-07-31
238240,2014-03-10
238260,2013-12-20
238280,2013-12-23
238300,2015-01-05
238320,2013-09-07
238370,2015-05-26
238430,2013-10-31
238460,2014-04-29
238590,2014-09-20
238750,2014-01-25
238890,2014-05-09
238910,2015-10-08
238960,2013-10-23
239030,2013-08-14
239070,2013-11-28
239120,2014-07-14
239140,2015-01-27
239160,2014-02-25
239200,2013-09-16
239220,2013-12-18
239250,2014-11-21
239350,2013-08-29
239410,2015-04-22
239450,2013-09-28
239660,2013-07-03
239700,2013-08-21
239720,2014-03-06
239800,2013-07-14
239820,2013-08-30
239840,2014-02-14
240,2010-11-24
2400,2013-12-06
24010,2010-11-19
240320,2013-12-28
240380,2013-11-27
240440,2020-07-25
240460,2015-05-02
240570,2013-06-12
240600,2015-10-27
240620,2015-08-10
240760,2013-12-13
240970,2015-04-22
241240,2014-12-21
241260,2014-10-02
241320,2014-07-28
241410,2014-01-07
241540,2013-10-13
241560,2014-12-02
241600,2013-07-03
241640,2013-10-04
241700,2013-12-21
241720,2013-10-25
241910,2020-06-25
241930,2014-09-30
2420,2014-02-21
24200,2011-11-14
242050,2013-11-25
242130,2015-01-15
24240,2011-12-29
242550,2013-09-09
242570,2013-08-25
242590,2014-10-04
242640,2014-10-12
242680,2014-07-07
242700,2013-12-02
242720,2014-02-17
242760,2014-05-30
242780,2020-01-02
242800,2013-11-29
242820,2014-03-01
242860,2013-10-06
242880,2013-11-04
242920,2014-02-18
242940,2020-05-20
242980,2015-12-01
243000,2020-03-07
243120,2013-10-08
243180,2014-05-01
243200,2020-04-25
243280,2014-06-14
243320,2014-05-20
243360,2015-09-20
243450,2014-02-18
243470,2014-05-26
243560,2015-02-21
243780,2014-04-26
243800,2014-01-02
243870,2014-04-11
243930,2014-06-13
243950,2013-12-30
243970,2014-09-24
244050,2015-10-01
244160,2015-02-26
244210,2013-12-14
244230,2014-11-12
244410,2015-03-07
244450,2014-03-06
244590,2014-01-30
244610,2020-01-06
244630,2014-07-07
24470,2014-11-12
244710,2014-02-03
244730,2013-12-19
244770,2014-12-06
244810,2014-01-07
244850,2013-11-18
244870,2013-12-21
244890,2020-02-13
244930,2013-12-19
2450,2012-12-22
24500,2011-03-06
245130,2013-11-29
245150,2014-12-18
245170,2013-08-27
245175,2015-06-03
245176,2014-10-02
245190,2014-12-28
245280,2014-06-02
245370,2015-07-19
245390,2015-07-24
245470,2013-12-09
245490,2014-04-27
245550,2014-03-19
245620,2014-05-24
245760,2014-06-26
245910,2014-11-22
246070,2014-06-16
246090,2014-06-13
246110,2015-11-27
246255,2015-09-12
246280,2014-05-29
246300,2013-09-26
246420,2014-01-09
246440,2013-11-28
246580,2013-11-28
24660,2013-03-29
246620,2014-02-22
246640,2014-04-02
24670,2014-09-15
246700,2014-01-19
246840,2014-04-21
246900,2014-04-07
246940,2014-10-08
247000,2014-06-23
247020,2014-01-02
247080,2014-07-31
247120,2013-10-01
247140,2014-02-03
24720,2015-04-14
247240,2014-01-08
247293,2015-01-08
247298,2015-05-02
247304,2014-11-08
24740,2011-07-06
247430,2020-02-08
247580,2015-10-02
247660,2014-01-08
247730,2013-11-26
24780,2013-12-25
247830,2014-05-26
24790,2012-07-28
247910,2013-12-03
247950,2014-08-01
24800,2013-12-25
24810,2012-07-17
248140,2013-11-25
248170,2014-12-05
248310,2014-07-22
248350,2013-12-29
248390,2014-05-05
24840,2014-03-24
248410,2014-04-27
248530,2020-02-22
248550,2014-02-13
248570,2014-05-22
24860,2011-07-04
248610,2014-01-01
248630,2013-11-26
248650,2013-12-04
24870,2015-05-09
248710,2013-10-16
248800,2013-10-02
248820,2013-11-10
248860,2014-02-08
248970,2014-03-21
249050,2013-12-12
249082,2015-11-06
249130,2013-11-19
249190,2014-09-26
249230,2015-08-28
249330,2014-06-24
249380,2014-03-28
249550,2015-11-26
249570,2014-03-11
249590,2014-06-12
24960,2011-03-22
249630,2014-01-05
249650,2014-11-27
249680,2014-06-20
24980,2011-01-12
249870,2013-12-07
249950,2013-11-27
249990,2015-01-23
2500,2014-03-24
25000,2013-12-19
250050,2014-09-02
25010,2011-11-27
250110,2015-03-18
250180,2014-02-14
250260,2014-02-08
250320,2013-10-14
250340,2013-12-16
250380,2013-11-23
250400,2013-12-07
250420,2013-12-11
250460,2014-04-02
250500,2013-11-04
250520,2014-02-25
250580,2013-09-10
250600,2014-02-14
250620,2014-06-02
250640,2015-12-01
250740,2014-01-30
250760,2014-07-14
250870,2014-10-04
250900,2014-11-04
251060,2014-04-04
251130,2015-12-29
251150,2015-02-15
251170,2014-01-06
251290,2020-01-24
251310,2015-11-15
251370,2013-10-17
251430,2014-04-09
251470,2015-05-25
251570,2013-12-16
251610,2014-06-21
251630,2014-05-09
251670,2014-04-24
251730,2014-10-23
251810,2015-06-12
251850,2015-08-14
251870,2014-02-22
251970,2014-12-14
251990,2013-11-17
252030,2014-01-02
252070,2013-12-01
252150,2014-01-30
252250,2014-01-07
252330,2013-11-11
252350,2014-02-06
252370,2015-01-27
252410,2013-12-19
252450,2015-04-10
252470,2020-09-12
252490,2013-12-11
252530,2014-04-19
252630,2014-08-21
252670,2014-01-02
252770,2014-04-11
252870,2015-10-24
252910,2015-11-21
252950,2015-07-09
253030,2013-12-14
253110,2014-10-08
253250,2015-06-06
253350,2014-01-01
253370,2015-01-23
253430,2014-02-06
253490,2020-02-17
253510,2014-08-16
253530,2015-05-19
253610,2013-11-30
253650,2014-01-05
253690,2014-04-05
253710,2014-06-13
253770,2013-12-10
253920,2014-01-10
253940,2020-03-16
253980,2014-04-12
254080,2014-09-22
254130,2014-08-22
254200,2014-09-20
254260,2014-10-16
254440,2013-10-17
254460,2014-06-04
254480,2014-05-23
254650,2020-08-17
254700,2014-02-28
25500,2013-12-28
255070,2014-07-15
255220,2014-07-03
255260,2014-10-01
255300,2014-12-16
255370,2014-02-02
255390,2014-08-30
255420,2014-07-17
255480,2013-10-21
255500,2013-12-24
255520,2013-12-25
255710,2015-03-10
256010,2014-10-21
256050,2014-01-21
256070,2014-01-02
256190,2014-06-12
256290,2014-05-03
256330,2014-02-14
256350,2014-02-07
256370,2015-08-12
256410,2013-11-25
256500,2014-12-22
2570,2014-04-03
25700,2010-11-20
257030,2014-11-07
257080,2013-12-29
257120,2014-11-04
257170,2014-11-07
257370,2020-03-26
257400,2015-09-06
257510,2014-12-14
257710,2014-08-21
257730,2014-02-14
257750,2013-12-23
257830,2014-12-06
257850,2020-04-05
257890,2014-10-05
257970,2014-11-03
25800,2011-09-04
258010,2020-06-29
258050,2014-08-01
258090,2014-05-21
258160,2015-02-03
258180,2014-03-21
258200,2013-12-08
25830,2014-11-28
258520,2014-09-30
258590,2014-04-15
258700,2020-03-22
258760,2014-09-13
258880,2014-09-13
25890,2013-03-25
258950,2015-01-28
258970,2014-09-23
2590,2014-11-21
25900,2010-12-18
259060,2015-12-26
259080,2013-12-07
25910,2015-05-14
259170,2015-01-03
259320,2014-05-20
259380,2015-03-16
259381,2020-02-17
259390,2013-12-23
259410,2015-10-29
259430,2014-11-08
259450,2015-10-15
259470,2020-07-10
259530,2013-12-09
259550,2014-12-20
259600,2014-07-05
259620,2013-12-08
259680,2014-04-23
259700,2013-12-04
259720,2014-02-06
259740,2014-03-10
259780,2014-11-19
25980,2013-04-25
259800,2014-12-07
25990,2015-02-14
2600,2012-07-12
260060,2014-11-20
260130,2015-03-07
260160,2014-06-29
260210,2014-01-18
260230,2014-06-25
260410,2014-11-11
260430,2015-07-02
260510,2014-06-28
260750,2014-10-31
260790,2014-10-26
2610,2020-03-29
261030,2013-12-17
261110,2014-05-23
261180,2014-08-30
261510,2015-11-26
261530,2014-04-28
261570,2015-03-12
261640,2014-10-14
261700,2013-12-02
261760,2014-03-20
261820,2014-01-16
261880,2014-05-03
261920,2014-12-13
261980,2013-12-03
2620,2012-04-10
262060,2015-02-04
262120,2014-03-10
262150,2014-03-05
262260,2014-02-06
262280,2020-01-24
262410,2014-05-26
262490,2015-03-19
262550,2014-02-23
262590,2014-03-03
262750,2015-01-10
262790,2015-01-02
262830,2020-01-21
262850,2020-08-13
262900,2015-06-29
262940,2013-12-06
262960,2015-06-28
2630,2014-01-17
263020,2014-02-17
263060,2014-07-16
263100,2014-01-17
263180,2020-01-11
263200,2014-06-23
263280,2014-05-31
263300,2014-02-13
263320,2014-02-06
263340,2014-04-07
263360,2014-01-31
263380,2014-01-05
263400,2014-03-23
263420,2014-03-17
263440,2014-05-31
263480,2014-01-17
263500,2014-04-01
263540,2014-05-10
263560,2014-02-16
263680,2014-02-19
263700,2015-03-14
263740,2014-04-22
263760,2014-01-13
263820,2014-11-21
263960,2014-09-07
263980,2015-04-28
2640,2013-07-15
264120,2014-03-01
264140,2013-12-14
264200,2014-03-04
264240,2014-01-08
264280,2014-02-21
264360,2014-06-30
264380,2014-04-26
264610,2015-11-26
264710,2015-02-10
264730,2015-03-28
264930,2014-04-23
26500,2011-11-27
265000,2020-08-01
265061,2014-11-26
265120,2014-12-27
265210,2013-12-13
265300,2014-10-28
265330,2014-12-19
265550,2014-09-05
265610,2014-04-21
265630,2014-05-10
265650,2014-03-29
265690,2014-12-22
265750,2014-08-24
265770,2014-02-09
265810,2014-06-15
265870,2014-03-18
265890,2014-11-15
265930,2014-03-28
266010,2014-03-22
266070,2014-03-07
266110,2014-11-06
266130,2014-04-10
266150,2015-01-10
266210,2014-08-15
266290,2015-11-27
266370,2015-06-21
266390,2014-07-03
266410,2015-08-21
266430,2014-09-04
266490,2014-12-21
266510,2014-09-19
266590,2015-01-26
266840,2014-05-19
267130,2014-10-15
267340,2015-10-28
267380,2020-03-26
267381,2015-10-06
267490,2020-07-03
267530,2014-07-08
267550,2014-06-02
267600,2014-01-11
267610,2014-07-03
267750,2014-07-11
267940,2015-08-23
26800,2011-12-27
268050,2014-10-16
268090,2015-01-27
268220,2014-12-06
268240,2014-07-12
268260,2014-02-16
268320,2020-03-19
268400,2015-03-12
268420,2014-07-17
268500,2020-02-04
268650,2015-05-25
268670,2014-10-21
268750,2014-02-14
268830,2014-03-20
268850,2015-10-01
268870,2020-01-04
268970,2015-06-07
26900,2011-12-27
269030,2014-02-27
269050,2014-07-25
269170,2020-06-01
269210,2014-02-15
269250,2015-02-23
269270,2014-07-28
269290,2014-05-21
269310,2014-04-14
269330,2015-03-09
269350,2015-01-14
269370,2015-01-01
269390,2014-03-02
269450,2014-11-24
269490,2015-03-01
269570,2015-06-20
269650,2015-05-10
269730,2014-04-21
269770,2015-09-15
269790,2015-05-31
269810,2014-08-06
2700,2013-12-12
270090,2015-03-06
270130,2020-08-06
270150,2014-05-03
270170,2014-08-12
27020,2013-10-25
270210,2014-03-05
270270,2020-01-22
270370,2014-12-09
270450,2014-04-17
270490,2015-01-07
270510,2014-07-03
270550,2014-04-02
270570,2014-06-11
270630,2020-01-01
270680,2014-01-18
270850,2014-02-01
270880,2020-02-02
270940,2015-01-26
270941,2015-01-26
270942,2015-01-27
271240,2015-02-13
271290,2014-02-12
271360,2015-08-16
271500,2014-03-22
271520,2014-12-16
271570,2014-11-08
271590,2015-04-13
271640,2014-04-14
271860,2015-01-10
271900,2014-11-15
271944,2014-10-01
272060,2014-01-30
272080,2015-06-11
272350,2014-04-14
272510,2014-09-16
272600,2014-08-26
272890,2014-12-20
273070,2015-05-18
273110,2014-09-25
273300,2015-06-21
273350,2014-11-01
273390,2014-05-10
273500,2014-08-08
273730,2015-07-02
273770,2014-04-24
273840,2015-07-13
273940,2015-01-24
274170,2015-03-11
274190,2014-04-10
274230,2015-07-20
274250,2014-07-22
274270,2015-05-27
274290,2014-07-27
274310,2014-05-29
274350,2015-09-17
274450,2014-03-18
274500,2020-02-25
274520,2014-07-25
274560,2015-10-04
274620,2014-12-23
274900,2014-07-28
274920,2014-09-12
274940,2014-11-08
274980,2014-11-01
275100,2015-03-10
275180,2020-06-02
275200,2015-04-25
275390,2020-06-21
275490,2014-09-04
275510,2015-08-17
275530,2014-09-11
275590,2015-12-15
275610,2014-05-23
275670,2014-06-17
275690,2015-09-24
275700,2015-05-12
275850,2020-08-12
2760,2011-01-05
276340,2014-12-26
276770,2020-07-15
276810,2014-11-25
277390,2020-07-18
277430,2014-04-05
277450,2015-04-15
277460,2014-07-08
277520,2015-09-28
277590,2014-03-13
277930,2014-10-27
277950,2015-01-12
278080,2014-05-14
278360,2014-10-07
278440,2014-08-17
278460,2014-07-05
278490,2015-12-10
278570,2014-07-24
278620,2014-09-29
278910,2014-04-21
278970,2015-06-03
279112,2020-05-27
279160,2014-11-11
279260,2014-06-21
27940,2015-04-04
279420,2014-04-01
279520,2014-11-13
279720,2015-05-22
280,2013-11-26
28000,2014-08-08
280010,2015-09-18
280040,2015-06-23
280180,2015-04-15
280220,2014-05-16
28050,2011-08-25
280520,2020-06-12
280600,2015-03-02
280740,2014-07-15
280790,2014-08-13
280910,2014-05-08
280930,2014-04-29
2810,2015-03-25
281050,2014-11-14
281130,2015-02-04
281200,2020-01-20
281220,2015-07-03
281370,2014-06-13
281410,2014-08-11
281610,2020-01-21
281690,2014-10-23
281770,2015-07-06
281820,2014-03-29
281990,2020-05-09
2820,2015-03-14
282010,2020-01-12
282050,2015-03-13
282070,2014-11-15
282140,2015-09-22
282201,2015-01-07
282350,2014-10-07
282400,2015-11-10
282440,2014-09-17
282470,2014-11-02
282560,2020-03-30
282660,2015-11-17
282740,2014-05-21
282760,2014-10-15
282780,2015-07-27
282800,2014-08-25
282900,2015-01-31
283080,2015-06-24
283160,2020-06-19
283230,2014-09-28
283290,2014-11-06
283370,2015-02-08
283430,2015-03-10
283640,2020-05-18
283660,2014-09-27
283680,2014-06-21
283880,2014-03-24
283920,2015-12-29
283940,2014-04-20
283960,2014-04-20
283980,2015-11-01
284140,2015-01-24
284160,2014-08-16
284390,2015-02-02
284460,2014-10-18
284770,2020-02-07
284930,2015-07-16
284950,2015-05-02
2850,2020-02-15
285050,2015-01-28
285160,2014-05-11
285310,2014-06-26
285330,2014-06-27
285440,2020-08-20
285480,2015-01-11
285500,2015-09-13
285580,2014-04-26
285740,2020-02-13
285820,2015-08-01
285900,2014-08-30
285920,2015-04-02
286040,2014-07-15
286080,2014-04-18
286100,2014-05-07
286160,2014-05-24
286200,2014-07-13
286260,2015-06-16
286340,2014-05-09
286360,2015-01-30
286500,2014-12-28
286570,2015-07-11
286660,2020-02-16
286690,2014-09-04
286940,2015-05-21
286971,2020-07-04
2870,2013-11-18
287100,2015-04-20
287120,2015-12-25
287220,2015-11-13
287290,2015-02-25
287340,2015-12-05
287390,2014-12-20
287450,2014-06-13
287580,2015-04-05
287700,2015-09-01
287840,2015-09-18
287920,2015-09-03
287980,2014-08-16
288040,2014-10-08
288140,2015-06-04
288160,2020-01-11
288290,2014-09-25
288370,2014-08-01
288470,2014-09-12
289090,2015-06-15
289130,2014-04-25
289340,2014-06-23
289460,2020-07-10
289520,2014-06-01
289600,2014-10-11
289650,2014-11-12
289690,2014-12-08
289760,2014-05-25
289881,2014-12-17
289930,2014-09-24
289950,2014-12-06
289970,2014-04-25
290000,2014-06-13
290020,2014-10-27
290060,2014-04-17
290080,2014-09-22
290140,2015-07-14
290280,2014-12-27
290300,2015-10-24
290340,2015-01-22
290490,2015-08-24
290530,2020-01-15
290650,2014-08-15
290730,2014-11-06
290750,2014-04-20
290770,2014-07-02
290790,2015-01-23
290830,2015-01-19
290890,2015-06-08
290930,2015-03-28
290990,2014-11-03
291010,2015-05-03
291210,2015-06-19
291250,2015-09-13
291270,2014-10-08
291370,2015-07-24
291410,2020-08-23
291480,2014-07-01
291550,2014-11-20
291650,2015-03-26
29180,2010-12-26
291910,2014-08-01
291930,2014-07-30
292030,2015-05-18
292120,2014-10-09
292140,2014-12-15
292180,2014-07-15
292240,2014-05-15
292380,2020-05-07
292390,2020-04-08
292600,2020-01-18
292630,2014-10-27
292780,2014-05-20
293010,2014-05-05
293180,2015-01-23
293240,2014-09-29
293260,2015-07-14
293320,2014-05-13
293500,2014-08-09
293540,2014-08-24
293560,2014-11-25
293680,2015-06-20
293740,2014-08-06
293760,2015-03-14
293780,2014-08-07
293840,2015-05-17
293860,2014-10-09
293900,2014-07-14
293920,2014-06-09
294020,2015-11-11
294100,2020-07-15
294140,2014-06-23
294160,2014-12-07
294230,2015-07-22
294540,2014-06-24
294570,2015-04-08
294650,2015-12-30
294670,2014-06-13
294860,2014-11-11
295110,2015-01-15
295270,2014-10-27
295438,2020-08-20
295490,2015-06-25
295550,2014-08-06
295690,2015-10-14
295710,2014-08-27
295730,2014-07-07
295770,2014-06-08
295790,2015-03-01
295810,2014-06-17
295990,2015-12-22
296050,2014-11-28
296070,2015-01-12
296150,2014-11-05
296240,2014-10-28
296300,2015-10-22
296470,2014-08-02
296490,2015-09-17
296570,2015-04-24
296650,2014-06-06
296710,2015-05-24
296770,2015-04-29
296830,2015-05-28
296910,2015-09-22
296970,2015-12-20
297000,2015-01-30
297020,2014-11-08
297100,2014-06-22
297110,2014-07-03
297120,2014-06-25
297130,2015-04-17
297141,2015-03-19
297210,2015-01-25
297330,2015-10-16
297350,2014-12-06
297490,2014-06-14
297512,2015-03-11
297590,2020-02-19
297810,2014-05-14
29800,2015-03-24
298030,2015-12-18
298050,2020-02-28
298110,2014-11-17
298160,2014-11-06
298180,2015-05-16
298240,2015-06-01
298260,2014-07-25
298340,2014-06-06
298360,2015-12-12
298400,2020-01-03
298480,2014-08-08
298520,2014-09-20
298600,2014-08-29
298630,2014-08-22
2990,2013-08-04
299030,2015-02-06
299250,2015-01-16
299260,2015-03-18
299360,2014-12-15
299420,2020-01-21
299460,2014-07-05
299480,2015-12-07
299540,2014-06-20
299640,2014-12-05
299660,2014-09-22
299680,2015-01-17
299700,2014-07-18
299720,2015-01-25
299740,2014-12-29
299780,2014-07-19
299860,2014-06-07
299890,2014-07-18
30,2013-12-09
300,2010-12-25
300040,2014-11-22
300080,2015-04-11
300220,2015-02-16
300300,2015-06-13
300340,2020-07-05
300380,2014-09-18
300400,2015-07-08
300550,2015-03-26
300570,2015-01-26
300760,2020-08-23
300820,2015-10-14
300900,2014-05-28
300970,2014-05-23
300991,2014-11-04
301120,2020-09-15
301190,2015-05-04
301200,2020-07-01
301460,2015-01-12
301480,2014-08-11
301520,2014-07-08
301640,2015-04-22
301750,2015-01-25
301760,2014-10-13
301860,2020-08-28
301910,2015-01-20
301970,2014-10-24
302010,2014-11-18
302060,2014-08-12
302080,2014-11-19
302270,2014-07-23
302380,2014-06-15
302510,2014-10-19
302590,2015-01-17
302670,2015-08-02
302830,2014-12-20
302970,2014-08-25
303210,2015-10-01
303390,2014-06-29
303800,2015-05-11
303820,2015-01-02
304030,2014-08-02
304050,2015-07-09
304212,2020-06-27
304240,2015-01-20
304270,2014-07-17
304350,2015-06-05
304410,2014-12-24
304430,2020-07-08
304500,2015-05-25
304650,2014-07-03
304670,2014-10-28
304730,2014-09-10
304910,2015-04-11
304930,2014-06-20
304950,2015-06-26
3050,2014-05-02
305050,2014-09-30
305070,2014-10-26
305260,2014-08-15
305380,2015-04-22
305620,2014-09-25
305920,2015-06-13
305960,2014-11-08
305980,2015-07-09
306020,2014-11-30
306040,2015-08-11
306130,2014-07-22
306370,2015-05-08
306460,2014-10-16
306550,2014-09-15
306620,2014-11-01
306660,2014-06-11
306670,2015-10-21
306680,2020-03-11
306760,2020-08-25
306830,2014-09-20
307030,2015-02-05
307050,2015-07-13
307070,2014-12-31
307130,2015-10-29
307170,2015-12-14
307230,2015-03-23
307290,2014-07-24
307340,2015-01-18
307640,2014-06-21
307670,2015-11-23
307690,2015-01-13
307780,2015-04-13
307880,2015-03-09
307960,2014-12-28
307990,2014-07-19
308270,2020-01-17
308310,2015-04-03
308420,2014-10-24
309890,2014-07-16
310031,2014-10-30
310070,2014-07-18
310080,2014-11-24
310360,2015-05-15
310370,2014-12-30
310380,2014-12-06
310470,2015-09-28
310560,2015-04-28
310700,2014-10-01
310740,2020-01-24
310790,2015-04-23
310850,2020-08-17
310890,2015-03-28
310950,2020-02-16
311140,2014-12-04
311190,2014-12-01
311210,2015-11-05
311240,2020-07-09
311310,2020-01-21
311340,2014-12-19
311400,2015-04-04
311480,2015-01-27
311560,2015-03-10
311660,2020-07-09
311690,2020-04-09
311730,2015-03-30
311870,2015-07-19
311910,2020-01-17
312010,2014-11-19
312150,2014-10-01
31220,2010-12-26
312210,2014-08-03
312280,2015-09-12
312530,2015-06-08
312630,2014-08-22
31270,2012-06-17
312720,2020-07-21
312750,2014-09-19
312780,2015-11-15
31280,2011-07-04
312840,2020-05-31
31290,2012-07-14
312930,2014-12-11
312990,2014-08-05
313010,2015-02-05
313020,2015-01-31
313040,2015-01-06
313080,2015-06-06
313100,2020-01-08
313120,2015-01-23
313160,2014-10-30
313340,2014-08-18
313371,2015-02-11
313372,2015-09-27
313375,2014-12-21
313500,2015-06-19
313590,2014-09-04
313630,2020-05-27
313690,2014-11-12
313730,2014-07-13
313740,2014-07-11
313990,2014-07-23
314010,2020-07-28
314020,2015-04-18
314030,2015-03-25
31410,2011-02-15
314130,2015-01-31
314150,2015-06-21
314160,2014-12-19
314230,2015-03-17
314240,2020-02-15
314300,2015-11-02
314410,2015-09-06
314520,2015-11-14
314660,2015-03-26
314700,2015-09-19
314710,2020-06-29
314970,2020-05-01
314980,2014-12-14
315260,2014-08-05
315340,2014-10-04
315392,2015-04-24
315394,2015-02-04
315396,2015-01-23
315430,2015-05-08
315460,2015-04-05
315600,2015-05-18
315640,2014-08-20
315660,2015-11-07
315740,2015-08-02
315810,2015-02-19
315840,2015-03-12
315860,2015-08-17
315880,2015-03-23
316010,2015-07-29
316260,2014-10-06
316390,2015-01-13
316410,2015-03-25
316430,2015-05-23
316660,2020-01-21
316720,2014-09-17
316790,2015-02-18
316930,2014-12-23
3170,2015-07-28
31700,2020-06-29
317040,2020-07-28
317100,2015-02-28
317110,2014-10-04
317250,2020-07-11
317260,2014-11-06
317360,2014-10-24
31740,2013-12-10
317400,2015-06-26
317410,2014-09-20
317440,2014-12-17
317470,2014-08-14
317510,2015-03-28
317620,2014-11-17
317660,2014-12-17
317710,2015-01-10
317780,2015-11-20
317790,2015-06-03
317820,2015-07-25
317890,2014-10-25
317960,2014-10-04
318020,2015-10-03
318100,2015-03-01
318130,2015-04-12
318220,2014-10-26
318230,2015-04-21
318420,2020-05-04
318430,2014-11-09
318520,2014-12-23
318530,2014-12-09
318550,2014-10-03
31860,2014-12-30
318600,2020-02-24
318710,2014-11-01
318791,2015-03-06
318850,2020-01-18
319050,2014-12-24
319080,2020-06-29
319090,2014-10-16
319130,2014-08-24
319140,2015-12-19
319150,2014-12-12
319180,2015-12-17
319250,2015-03-07
31930,2014-03-12
319400,2014-10-07
319450,2014-12-27
319510,2014-08-22
319550,2014-11-25
319560,2015-12-17
319570,2015-07-27
319630,2015-01-30
319730,2020-02-22
319740,2015-02-24
319910,2015-08-23
319970,2015-01-04
320,2011-06-11
320030,2020-06-21
320040,2020-03-10
320140,2015-08-02
320300,2015-05-01
320340,2020-07-13
320350,2015-03-10
320590,2015-05-17
320760,2015-02-26
320970,2015-08-05
321030,2014-09-28
321040,2015-05-01
321060,2014-10-07
321300,2014-12-11
321360,2014-12-04
321400,2020-07-01
321410,2020-01-24
321480,2020-02-09
321580,2015-05-15
321610,2014-11-27
321830,2014-10-16
321840,2014-09-14
321860,2014-12-13
321960,2015-09-29
321980,2014-12-07
32200,2013-12-20
322010,2014-09-11
322060,2014-10-24
322070,2014-10-05
322110,2015-04-27
322170,2014-12-22
322250,2014-10-01
322300,2014-12-29
322330,2014-12-15
322490,2015-04-27
322500,2020-02-25
322520,2015-02-26
322660,2014-12-14
322770,2020-04-15
322900,2015-01-12
322910,2015-05-05
322920,2014-12-15
322980,2014-10-11
323060,2020-01-16
323140,2015-01-23
323180,2014-10-29
323210,2014-10-01
323240,2014-11-18
32330,2020-01-01
323320,2015-02-07
323370,2015-05-07
323380,2015-07-11
32340,2012-08-27
323450,2015-11-09
323470,2015-02-26
32350,2015-11-22
323500,2014-09-30
323580,2020-09-11
32360,2013-09-26
323610,2015-02-15
32370,2010-12-31
323720,2015-06-25
32380,2014-05-12
323850,2020-01-11
32390,2015-07-02
323910,2020-02-28
323930,2014-10-01
32400,2014-01-03
324080,2015-06-18
324120,2014-10-13
324160,2015-11-26
324170,2014-10-01
32420,2020-09-03
324260,2015-05-24
32430,2014-02-23
324300,2015-05-17
324310,2020-03-05
32440,2011-11-03
324570,2015-04-24
324610,2020-01-30
324680,2015-11-28
32470,2014-01-25
324810,2015-01-29
32500,2011-06-19
325090,2015-04-14
325100,2014-11-03
325110,2015-08-17
325300,2015-11-08
325600,2015-10-22
325610,2015-02-18
325723,2015-09-28
325724,2020-02-13
3260,2020-02-28
326150,2015-03-07
326160,2015-07-28
326220,2015-02-06
32630,2015-06-19
326410,2015-05-14
326460,2020-03-07
326480,2015-02-20
326670,2015-01-16
326720,2014-12-06
326990,2015-06-14
327070,2020-06-11
327090,2015-10-10
327130,2020-01-03
327140,2020-06-03
327220,2015-07-03
327231,2015-01-04
327280,2014-12-17
327410,2014-11-08
327500,2015-07-28
327520,2015-07-28
327640,2015-01-26
327670,2015-04-10
32770,2015-04-14
327740,2014-10-12
327860,2015-07-20
327890,2014-12-03
327950,2014-10-19
32800,2012-04-15
328060,2015-02-21
328070,2014-11-06
328220,2015-05-06
328500,2014-12-24
328670,2015-02-08
328700,2014-12-09
328830,2014-12-08
328940,2014-12-18
329010,2014-12-16
329050,2015-06-23
329110,2014-12-06
329130,2015-03-26
329190,2014-12-21
329430,2015-05-02
329440,2015-11-02
329490,2015-05-27
329650,2020-06-24
329830,2014-10-30
329860,2020-01-08
329950,2015-05-27
330070,2015-06-17
330100,2015-03-17
330210,2015-03-26
330350,2020-07-15
330390,2015-09-14
330470,2020-07-04
330570,2015-11-03
330580,2015-08-21
330710,2014-11-09
330820,2020-07-08
330830,2014-11-25
330840,2014-12-03
33100,2020-03-19
331120,2015-01-17
331160,2020-04-25
331190,2015-09-09
331200,2015-01-18
331220,2015-03-12
33130,2015-04-03
331330,2015-04-05
331440,2014-12-19
331470,2014-11-20
331500,2015-08-04
331600,2015-08-28
331670,2015-05-07
331710,2015-06-23
331900,2014-11-13
3320,2012-10-23
332070,2014-12-05
33210,2020-03-27
33220,2011-07-04
332200,2015-11-22
332250,2015-06-21
33230,2013-01-02
332310,2015-06-02
332350,2015-04-08
332400,2020-05-15
332500,2015-02-15
332540,2014-11-18
332570,2015-09-09
332790,2015-10-01
33280,2012-12-31
332800,2014-11-10
332970,2015-05-01
33310,2011-12-28
333250,2020-07-31
333390,2015-02-01
333600,2014-12-30
333790,2020-04-29
333860,2015-06-29
333930,2015-05-20
333950,2015-02-19
333980,2015-06-01
334040,2015-08-09
334070,2015-03-14
334120,2020-01-24
33420,2013-12-22
334210,2020-02-12
334230,2015-01-03
33440,2013-12-21
334400,2014-12-09
33460,2011-12-27
334660,2014-11-22
334772,2015-06-13
334780,2020-01-29
334930,2015-01-07
335000,2020-08-23
335030,2015-03-26
335070,2020-07-09
335150,2015-01-12
335190,2015-11-25
33520,2014-12-11
335240,2015-01-30
335300,2015-04-02
335330,2014-12-12
335430,2015-04-23
335660,2015-07-03
335670,2015-02-27
335800,2015-06-30
335820,2015-08-15
335840,2015-02-08
335890,2015-10-14
336100,2014-12-22
336250,2015-12-23
336310,2020-02-08
336380,2015-11-15
336420,2015-05-08
336510,2015-11-27
336520,2015-11-24
336610,2020-05-14
336670,2015-02-18
33670,2015-01-31
33680,2010-11-22
3370,2015-03-04
337000,2020-08-23
337040,2014-12-09
337070,2015-01-02
337120,2015-01-27
33730,2020-04-06
337320,2015-10-15
337660,2014-12-24
337661,2014-12-16
337850,2020-08-14
337950,2020-04-17
338000,2015-01-16
338160,2015-03-08
338163,2015-06-15
338170,2015-02-07
338180,2020-06-14
338310,2020-04-08
338340,2015-06-08
338390,2020-07-02
338400,2020-06-12
338470,2015-03-25
338540,2015-03-30
338580,2015-02-22
338930,2015-10-09
3390,2014-10-04
33900,2013-12-19
339120,2014-12-26
339190,2015-04-15
339230,2015-08-26
339280,2015-04-11
339290,2015-01-30
33930,2011-12-27
339340,2020-02-23
339350,2014-12-22
339400,2015-10-23
339470,2015-01-29
339480,2020-09-04
33950,2014-11-22
339600,2020-02-06
339610,2015-04-03
33980,2013-12-25
339800,2015-01-23
339910,2020-01-04
340,2012-08-10
340050,2015-05-06
34010,2013-11-27
340150,2015-05-04
340170,2015-08-19
34030,2011-02-28
340300,2015-12-14
340310,2015-10-15
340340,2015-04-13
340350,2015-05-17
340460,2015-01-10
340540,2015-07-28
340580,2015-11-03
340610,2015-02-23
340730,2020-02-05
340740,2015-01-03
340810,2015-04-24
341000,2015-05-02
341310,2015-07-22
341500,2020-03-13
341530,2015-02-17
341720,2015-01-22
341800,2015-10-11
341940,2015-06-02
341980,2020-07-01
342150,2015-05-29
342200,2015-12-11
342230,2015-04-10
342260,2015-09-30
342300,2015-03-25
342370,2020-03-19
342380,2015-01-21
342480,2015-03-01
342550,2015-08-23
342560,2015-03-16
342570,2015-03-13
342580,2015-12-30
342620,2015-05-11
342740,2015-02-09
342970,2015-05-20
342980,2015-02-06
343000,2015-04-07
343270,2015-02-05
34330,2011-03-19
343330,2015-02-27
343360,2015-08-14
343462,2015-06-09
343464,2020-02-07
34350,2011-02-28
343560,2020-01-25
343710,2015-07-28
343750,2020-01-26
343780,2015-01-20
344040,2015-08-01
344140,2015-08-27
344450,2020-08-12
344460,2015-03-19
344630,2015-05-09
344740,2015-10-12
344750,2015-08-29
344760,2015-03-14
344770,2015-09-12
344820,2015-11-27
344850,2015-08-30
344860,2015-02-10
3450,2015-06-16
345180,2015-07-24
345200,2015-02-20
345350,2015-12-11
345370,2015-03-28
345390,2015-08-02
345440,2015-07-07
345520,2015-03-26
345580,2015-03-19
345610,2015-11-07
345650,2015-01-22
345820,2015-08-24
346010,2015-01-28
346110,2015-06-02
346120,2015-02-20
346170,2015-11-27
346180,2015-02-24
346250,2015-01-27
346330,2020-07-20
346370,2015-02-23
346560,2015-02-23
346610,2020-06-28
34670,2011-02-09
346900,2015-03-31
346940,2020-02-12
3470,2014-11-30
347160,2020-01-18
347560,2020-04-17
347610,2020-02-05
347620,2015-07-13
347630,2015-03-29
347670,2015-06-13
347830,2015-08-06
347880,2015-05-24
347940,2020-02-20
3480,2013-03-10
348040,2015-03-13
348090,2015-03-06
348091,2015-03-12
348290,2015-03-25
3483,2011-02-25
34830,2011-05-21
348340,2020-07-08
348380,2015-02-06
348460,2015-07-18
348470,2015-09-29
348490,2020-03-28
348620,2015-04-09
348670,2015-12-02
34870,2013-09-27
348710,2020-06-30
34880,2013-08-10
348860,2020-04-14
348960,2015-08-19
34900,2013-07-17
349040,2020-02-04
34910,2020-06-12
349100,2015-12-19
349220,2015-09-23
349480,2015-03-30
349580,2015-08-06
349650,2020-02-23
349700,2015-09-25
349720,2015-07-04
349740,2015-03-23
349830,2015-04-30
350080,2015-05-08
350150,2015-07-08
350220,2015-03-26
350310,2020-06-26
350600,2015-07-31
350750,2015-11-24
350810,2020-05-20
35091,2014-11-09
350970,2020-08-06
351040,2015-05-30
351050,2015-07-15
351090,2015-05-21
35110,2012-09-09
351140,2015-07-14
351290,2015-04-20
35140,2012-11-22
351461,2015-08-28
351510,2015-11-26
351555,2015-05-20
351570,2015-02-19
351640,2015-06-19
351700,2020-04-30
351710,2015-06-01
351730,2015-07-06
351790,2015-03-05
351800,2015-05-23
351890,2015-02-27
351900,2015-10-31
351970,2015-10-20
351990,2015-12-30
352010,2015-09-02
352111,2015-03-27
352130,2015-05-30
352190,2020-06-09
352400,2015-10-19
352460,2015-07-30
352520,2020-09-04
352700,2015-07-03
352950,2015-07-25
352960,2015-12-09
353090,2015-09-13
353130,2020-02-01
353270,2015-10-31
353330,2020-07-29
353360,2015-02-27
353370,2020-01-05
353380,2020-01-04
353560,2015-03-05
353640,2020-07-28
353690,2015-10-25
353830,2015-12-11
354140,2015-03-04
354160,2015-10-16
35420,2013-12-15
354240,2015-03-26
354290,2020-01-14
354380,2015-05-07
354400,2020-05-07
354430,2020-03-04
35450,2011-09-21
354500,2015-03-12
35460,2013-10-12
354640,2015-08-20
354650,2015-08-24
354702,2015-05-01
35480,2011-07-12
354850,2015-06-24
355000,2020-06-14
355150,2020-05-01
355180,2015-07-18
355250,2015-05-22
355840,2015-04-02
355860,2015-09-15
355880,2020-05-28
355950,2015-11-05
355960,2020-01-30
356070,2015-08-31
356310,2015-05-08
356370,2015-08-25
356380,2015-03-20
356500,2020-03-02
356510,2015-06-04
356520,2015-09-01
356570,2015-09-15
356640,2015-06-27
356670,2015-04-24
35700,2011-10-31
357010,2020-04-20
357030,2020-06-15
357070,2015-03-26
35720,2012-09-08
357330,2015-11-06
357340,2020-02-03
357360,2015-07-06
357380,2015-05-04
357400,2015-06-14
357480,2015-09-15
357600,2015-06-15
357650,2015-10-07
357670,2020-08-06
357700,2020-06-23
357850,2020-03-11
357900,2015-04-02
358090,2015-11-16
358130,2020-09-08
358150,2015-03-27
358250,2015-10-19
358260,2015-06-13
358290,2015-06-13
358340,2015-06-13
358750,2020-03-11
358960,2015-11-28
3590,2014-05-13
359040,2015-07-15
359050,2015-09-04
359290,2015-10-26
359310,2015-12-29
359320,2015-04-15
359390,2015-09-09
359410,2020-07-12
359550,2015-12-01
359800,2015-04-10
359870,2020-05-13
359940,2020-03-22
360,2013-12-01
36000,2011-07-09
360170,2015-10-31
360480,2015-05-29
360550,2015-09-02
360620,2020-05-16
360640,2015-12-25
360730,2015-12-22
360740,2015-10-24
360760,2015-07-10
360870,2015-04-29
360940,2015-12-16
360950,2020-03-21
360960,2015-05-13
361280,2020-08-17
361290,2020-03-16
361314,2015-08-20
361330,2015-08-20
36150,2012-07-12
361550,2015-08-22
361630,2015-04-16
361640,2015-11-05
361700,2015-04-18
361800,2015-05-31
3620,2014-07-25
362280,2015-07-11
362410,2015-11-04
362490,2020-06-30
362620,2015-11-13
362680,2020-03-29
362810,2015-07-25
362870,2015-07-15
362890,2015-05-06
362930,2020-08-24
363150,2020-02-02
363270,2015-09-01
363360,2015-07-18
363440,2015-10-19
363460,2015-07-07
363480,2015-07-29
363490,2015-07-24
363620,2015-12-05
363680,2020-05-08
363890,2015-10-29
363970,2015-05-15
364050,2015-09-30
364110,2020-01-28
364323,2015-08-21
364360,2020-05-24
364390,2020-02-18
364420,2020-04-26
364450,2015-04-20
364510,2015-08-24
364690,2015-09-26
365070,2015-05-21
365300,2020-06-20
365360,2020-07-07
365450,2015-08-13
365590,2020-03-07
365660,2015-08-13
365670,2015-04-25
365810,2020-07-10
365900,2015-06-05
366040,2020-03-05
366160,2020-06-08
36620,2014-01-04
366220,2015-10-23
36630,2011-10-01
366440,2020-05-22
366660,2015-05-21
366760,2020-06-05
366843,2020-06-07
366844,2020-03-04
366845,2020-08-07
366890,2015-10-06
367010,2020-05-14
367020,2020-05-25
367030,2020-08-16
367120,2015-06-06
367240,2015-08-14
367270,2020-03-10
367300,2020-01-16
367340,2020-05-24
367450,2015-07-03
367500,2020-01-15
367570,2015-07-07
367580,2015-08-22
367670,2015-05-06
367710,2015-08-21
367780,2015-06-11
368160,2015-07-22
368230,2015-10-21
368340,2015-08-12
368360,2015-06-01
368370,2020-06-02
368500,2015-11-19
368720,2015-06-02
368730,2015-09-17
368740,2020-02-26
368750,2020-01-07
368860,2020-01-31
368870,2015-05-23
368900,2015-12-13
368990,2015-06-20
369000,2015-08-29
369040,2020-04-14
369060,2015-07-17
369070,2020-03-24
369200,2015-12-14
369290,2020-03-17
369300,2020-06-25
369400,2015-08-31
369580,2015-07-03
3700,2012-06-10
37000,2015-03-21
370002,2015-12-28
370020,2015-10-08
370040,2020-04-02
370100,2015-07-04
370150,2015-07-10
370190,2015-10-15
370240,2015-09-25
370280,2020-03-18
370360,2015-12-04
370480,2015-10-05
370780,2020-01-27
3710,2015-01-04
371100,2020-03-21
371180,2015-07-10
371190,2020-04-09
371200,2020-04-21
371420,2015-11-14
371440,2015-08-05
371500,2015-09-29
371570,2020-04-11
371660,2020-03-01
3720,2013-08-23
372000,2020-03-18
372210,2015-08-18
372540,2020-01-30
372800,2015-08-28
3730,2013-07-07
373080,2015-11-13
373110,2015-05-23
373180,2015-05-29
373330,2015-06-29
373360,2020-03-18
373390,2015-08-17
373420,2015-10-30
373460,2015-06-11
373680,2015-11-01
373770,2020-03-10
37400,2014-03-19
374040,2020-02-26
374090,2015-09-11
374300,2015-10-20
374301,2015-06-26
374320,2020-04-11
374450,2015-06-30
374570,2015-05-28
374670,2020-05-27
374950,2020-06-29
375030,2015-10-02
375040,2015-10-30
375200,2015-08-02
375220,2015-06-04
375230,2020-02-03
375460,2020-02-01
375510,2015-08-11
375600,2015-06-04
375820,2015-10-17
375900,2020-03-24
375910,2015-11-04
375950,2015-08-20
375960,2015-09-20
37600,2014-06-30
376140,2015-08-11
376200,2020-01-06
376210,2015-12-08
376300,2020-01-11
376560,2015-07-23
376570,2020-06-10
376660,2015-07-16
376770,2020-01-06
376870,2015-10-13
376920,2015-06-06
37700,2014-06-27
377140,2020-07-11
377160,2015-11-09
377330,2015-09-28
377560,2015-12-30
377680,2015-11-11
377860,2015-12-12
378041,2020-03-10
378120,2015-11-17
378370,2015-12-15
378580,2015-09-03
378641,2015-12-28
378642,2015-06-24
378645,2015-11-30
378648,2020-06-03
378649,2015-10-17
378660,2020-01-20
378720,2015-11-29
378850,2015-11-18
378930,2020-06-13
379310,2020-06-25
379542,2020-04-25
379560,2020-04-25
379670,2020-06-15
379720,2020-05-12
379980,2020-03-12
380,2011-01-27
3800,2014-06-08
380220,2020-04-06
380360,2015-08-01
380580,2015-12-12
380600,2015-08-11
380770,2015-10-05
380840,2015-08-30
380860,2020-06-26
381020,2015-08-26
381120,2015-10-03
381210,2020-06-14
381560,2015-08-10
381850,2015-09-24
381990,2015-12-24
382050,2020-05-27
38210,2014-07-17
382110,2020-06-19
38240,2012-05-30
382490,2015-08-21
382780,2015-10-28
382890,2020-01-07
3830,2011-12-27
383080,2015-07-30
383120,2015-08-05
383150,2020-06-21
383180,2020-08-29
383230,2015-07-11
383270,2020-09-03
383450,2015-10-14
383460,2020-04-30
383580,2015-07-12
383750,2015-07-26
383790,2020-02-29
383870,2020-02-09
383980,2015-09-29
38400,2012-08-06
384000,2020-04-16
384020,2015-08-27
384021,2015-07-16
38410,2013-12-12
384110,2020-01-16
384150,2015-09-13
384180,2020-07-23
384190,2020-08-03
38420,2013-12-24
384300,2015-11-19
384310,2015-08-31
384360,2015-08-22
38440,2014-08-24
384490,2020-07-12
384500,2020-03-29
38460,2013-01-11
384630,2020-04-11
38480,2020-06-30
384980,2015-08-28
384990,2015-11-19
385200,2015-09-13
385240,2020-06-10
385260,2015-08-29
385270,2015-10-06
385330,2015-09-17
385370,2020-06-16
385530,2015-10-08
385630,2015-08-29
385710,2015-08-06
385730,2020-03-11
385760,2020-09-17
385770,2015-07-24
385800,2015-08-17
385830,2015-09-22
385890,2015-09-29
385970,2020-04-05
385980,2015-08-29
38600,2011-07-31
386070,2015-08-19
386180,2020-08-31
386360,2015-09-08
386510,2015-10-23
386880,2015-07-15
386940,2020-07-01
38700,2014-06-27
38720,2013-12-04
387240,2015-12-23
387290,2020-05-22
387340,2020-03-25
387370,2020-01-15
38740,2013-11-30
387440,2015-11-04
387860,2015-08-11
387970,2015-09-09
387990,2020-01-20
388080,2015-07-23
388090,2015-07-23
388120,2020-04-23
388210,2020-06-04
38830,2011-12-27
388410,2020-01-06
388490,2015-09-05
388520,2015-08-28
388750,2020-03-06
388870,2015-08-07
388880,2020-01-16
38900,2013-04-16
389170,2020-03-26
389220,2020-01-25
389430,2020-01-26
389510,2020-07-02
389570,2015-07-29
389870,2020-05-10
3900,2013-11-25
39000,2012-07-13
390290,2020-06-27
390310,2020-08-07
390340,2020-06-23
390390,2015-11-27
390520,2015-12-10
390670,2015-11-12
390730,2020-01-10
3910,2010-12-18
391040,2020-08-19
391070,2015-10-23
39120,2011-02-27
391220,2020-01-29
391260,2015-08-15
391270,2015-08-04
39140,2013-08-29
391460,2015-08-26
39150,2013-12-15
391540,2015-09-17
391570,2015-11-12
39160,2012-11-05
391680,2015-08-14
391720,2015-08-30
391730,2020-01-22
39190,2014-06-22
3920,2014-09-05
39200,2015-02-27
39210,2014-04-04
392450,2015-08-16
393010,2015-12-01
393200,2020-08-18
393380,2015-12-15
393410,2015-08-28
393420,2015-12-06
393530,2020-07-05
393970,2015-09-28
393980,2020-08-25
394120,2020-03-06
394230,2020-05-03
394260,2020-02-16
394310,2020-01-11
394320,2020-02-04
394360,2020-06-07
394380,2020-05-07
394510,2015-12-07
394690,2020-04-08
394870,2020-04-15
394970,2020-03-19
39500,2020-02-09
39510,2013-12-22
395140,2020-04-30
395180,2020-07-11
395200,2020-03-10
395238,2020-03-29
395520,2015-10-25
395910,2015-10-25
395980,2020-07-21
396260,2020-03-28
396480,2020-07-06
396650,2015-11-10
39670,2014-11-15
396750,2020-09-14
39680,2015-11-07
39690,2010-10-16
396900,2020-02-03
397040,2015-12-02
397060,2020-03-24
397100,2020-03-28
397340,2015-12-20
397430,2015-11-05
397500,2015-11-17
397550,2015-11-03
397570,2020-03-25
397610,2020-05-14
397620,2015-11-19
397680,2015-11-21
397690,2020-01-12
397980,2020-01-21
39800,2012-01-11
398070,2020-01-19
398100,2015-11-18
398180,2015-09-30
398710,2015-09-23
398840,2015-12-21
398850,2020-09-03
398913,2020-09-02
399070,2020-05-13
399120,2020-02-19
399430,2015-11-04
399520,2015-09-03
399580,2020-02-19
399670,2015-12-23
399730,2015-10-14
399790,2015-09-11
399834,2015-12-25
40,2014-11-25
400,2010-11-26
4000,2010-12-07
400110,2015-09-24
400240,2015-12-04
400250,2015-12-28
400551,2020-04-20
400790,2020-04-27
400800,2020-04-07
400842,2015-10-16
400910,2020-02-07
40100,2010-11-23
401190,2015-09-17
401650,2015-09-10
401810,2015-11-30
401920,2015-10-30
401980,2020-02-19
402020,2015-11-02
402180,2015-09-12
402290,2020-05-15
402570,2020-09-11
402620,2020-06-17
402630,2020-09-02
402840,2015-10-20
402890,2015-12-27
403150,2015-11-24
403180,2020-02-07
403190,2015-10-23
40330,2015-01-27
403520,2015-10-11
403570,2015-11-08
403690,2020-01-17
403700,2015-11-20
403740,2015-09-26
40380,2014-03-29
403860,2020-04-26
40390,2012-06-05
403900,2015-11-27
40400,2014-06-27
404010,2020-07-08
404011,2020-06-30
404012,2020-07-28
404013,2020-09-01
404080,2015-10-21
404090,2020-05-05
404410,2015-10-31
404480,2015-09-22
405010,2015-12-27
405170,2015-10-21
405180,2015-11-17
405310,2020-05-26
405580,2020-08-01
405640,2020-01-06
405820,2015-12-21
406080,2015-10-06
406150,2020-06-12
406210,2020-02-09
406310,2020-04-02
406550,2020-07-10
40700,2010-10-25
407060,2020-04-01
407120,2020-06-24
407210,2020-03-07
407230,2020-08-25
407250,2020-02-05
407330,2020-06-14
407420,2020-01-15
407510,2015-12-12
407530,2020-03-18
407600,2015-12-11
407840,2020-02-13
407900,2020-01-08
40800,2010-12-24
408120,2020-06-02
408330,2020-01-15
408740,2015-10-17
408900,2020-07-19
408990,2015-11-08
409000,2020-09-16
409160,2015-12-04
409170,2020-01-05
40930,2012-07-16
409440,2020-02-13
409450,2015-11-07
409490,2020-03-06
40950,2014-02-20
409510,2015-11-13
409590,2015-12-22
409660,2020-07-10
409670,2015-10-28
40970,2014-01-02
409710,2020-09-16
410,2012-08-27
41000,2013-12-25
41010,2013-01-04
410110,2020-04-24
410210,2015-11-03
410320,2020-07-18
410340,2015-11-12
41050,2014-07-04
410590,2020-03-19
41060,2013-11-30
410670,2020-01-07
410680,2015-10-23
41070,2011-11-25
410820,2020-01-29
41100,2014-05-07
411080,2020-03-28
411180,2020-05-02
411370,2020-04-19
411560,2015-12-07
411570,2015-10-27
411830,2020-06-05
411960,2020-08-12
412140,2015-11-03
412332,2015-12-16
412400,2015-11-17
412450,2020-04-20
412470,2015-12-15
412730,2020-03-21
412740,2020-04-08
412830,2020-09-12
412880,2020-01-02
412940,2020-09-13
41300,2011-01-21
413150,2020-02-26
413170,2020-03-22
413410,2020-02-18
413420,2020-06-10
413850,2015-10-27
414080,2020-06-28
414130,2020-02-04
414190,2020-04-27
414390,2020-05-01
414730,2020-08-09
41500,2011-07-03
415030,2015-11-24
415080,2020-07-09
415420,2015-12-04
415480,2020-04-30
415740,2020-05-29
415950,2020-03-07
41600,2011-12-26
416130,2015-11-13
416210,2020-03-13
416450,2020-04-17
416550,2020-01-02
416590,2015-12-12
416640,2015-11-10
416670,2015-12-22
416690,2015-12-21
416760,2020-01-30
41700,2012-12-25
41740,2013-11-20
417460,2020-02-03
417461,2020-01-24
417750,2020-04-30
417860,2015-11-20
417910,2020-01-18
417990,2015-12-30
41800,2011-01-07
418010,2020-02-23
418070,2015-11-10
418190,2020-09-07
418300,2015-12-31
418340,2015-12-01
418910,2015-11-24
419070,2015-12-03
419460,2020-03-18
420,2011-01-27
42000,2015-11-11
420110,2020-02-20
420610,2020-02-19
420650,2020-05-01
420740,2020-06-21
420930,2020-05-17
421040,2020-02-14
42120,2015-06-20
42140,2013-11-27
42160,2012-10-27
421630,2015-11-22
421670,2020-03-23
42170,2013-11-25
421700,2015-12-29
421770,2015-12-26
421890,2015-12-15
422100,2020-07-30
422400,2015-12-04
422420,2020-02-05
422970,2020-02-28
423120,2015-12-16
423230,2020-07-16
423320,2020-01-21
423580,2020-09-09
423700,2020-07-19
423840,2020-01-08
423880,2015-12-04
424280,2020-01-28
424370,2020-04-13
424590,2020-09-03
425220,2020-09-01
426000,2020-04-05
42650,2020-05-11
42680,2012-01-20
42700,2011-01-28
427100,2020-09-17
42719,2014-12-29
427190,2020-09-13
427250,2020-04-26
427270,2020-03-30
427520,2020-02-25
427730,2020-01-02
427810,2020-02-03
427820,2020-03-02
427910,2020-03-16
427920,2020-01-21
427950,2020-01-27
427980,2020-07-11
428190,2020-06-13
428220,2020-07-10
428370,2020-01-12
428550,2020-07-01
428690,2020-05-23
428880,2015-12-21
42890,2014-10-03
428900,2020-03-11
428950,2020-01-17
429050,2020-01-11
42910,2011-03-11
42920,2012-06-06
429300,2020-01-11
429490,2020-01-05
429570,2020-02-23
42960,2011-12-27
429680,2020-03-24
429700,2020-09-15
429720,2020-02-05
42990,2014-06-08
43000,2012-01-28
430440,2020-09-17
43110,2011-04-21
431240,2020-02-27
431360,2020-07-30
431500,2020-04-14
431510,2020-03-05
431560,2020-01-31
43160,2013-05-15
431770,2020-01-24
431840,2020-01-23
432020,2020-01-05
432590,2020-03-03
433080,2020-03-17
433090,2020-05-15
433270,2020-02-16
433340,2020-01-19
433530,2020-02-15
433730,2020-01-15
433850,2020-02-20
433950,2020-01-26
434020,2020-05-22
434110,2020-03-25
434250,2020-08-13
434260,2020-02-17
434370,2020-01-23
434420,2020-02-04
434570,2020-04-17
434620,2020-01-23
434730,2020-02-16
434780,2020-08-02
43500,2014-08-16
435030,2020-03-16
435060,2020-03-21
435120,2020-03-25
435530,2020-09-02
435870,2020-03-21
435880,2020-04-11
435881,2020-05-18
436090,2020-03-15
436110,2020-04-30
436120,2020-04-05
436150,2020-02-27
436320,2020-07-15
436470,2020-05-28
436500,2020-09-17
436520,2020-09-09
436820,2020-08-06
437070,2020-03-07
437080,2020-08-24
437220,2020-03-04
437701,2020-03-08
437900,2020-03-04
438080,2020-01-29
438270,2020-08-26
438490,2020-08-30
438640,2020-06-27
438680,2020-05-20
438690,2020-03-08
438790,2020-08-07
438920,2020-06-11
439940,2020-08-16
439995,2020-06-26
440,2010-11-26
440810,2020-06-23
440930,2020-06-01
440980,2020-03-11
441050,2020-06-16
441540,2020-02-16
441600,2020-02-11
441730,2020-02-20
441790,2020-08-26
441830,2020-07-20
441870,2020-02-23
441920,2020-05-27
44200,2015-05-05
442080,2020-07-12
44310,2011-08-03
44320,2012-07-20
44340,2014-01-21
44350,2013-06-02
443580,2020-04-16
443810,2020-08-03
444000,2020-05-02
444090,2020-09-16
444190,2020-04-07
444250,2020-04-23
444550,2020-04-06
444560,2020-02-12
444640,2020-04-20
444860,2020-03-02
444880,2020-08-17
444930,2020-06-16
445130,2020-04-25
445440,2020-06-03
445750,2020-03-02
446020,2020-04-22
446120,2020-03-30
446380,2020-03-31
446470,2020-04-23
446750,2020-07-22
447500,2020-07-21
447820,2020-07-30
447880,2020-05-14
448370,2020-04-19
448510,2020-08-08
448530,2020-06-18
449020,2020-03-10
449040,2020-03-18
449050,2020-04-24
449140,2020-05-07
449470,2020-05-05
449540,2020-03-20
449550,2020-09-16
449680,2020-04-06
449710,2020-04-28
449800,2020-08-27
449940,2020-03-06
449980,2020-08-26
4500,2011-06-24
45000,2010-11-25
450390,2020-04-06
450540,2020-05-25
450660,2020-06-18
45100,2012-07-24
451000,2020-06-21
451520,2020-05-16
451840,2020-04-16
452320,2020-04-12
452650,2020-09-17
452780,2020-09-06
45300,2011-06-24
4540,2013-02-28
45400,2013-09-26
454070,2020-05-08
454320,2020-06-28
454890,2020-06-29
4550,2012-05-18
455490,2020-03-22
455910,2020-05-04
4560,2011-07-07
456280,2020-04-13
456610,2020-09-14
4570,2013-12-08
45700,2013-12-20
45710,2011-12-30
457195,2020-07-19
457197,2020-09-11
45730,2014-10-28
45740,2013-03-16
45750,2014-01-05
457520,2020-04-09
457580,2020-08-22
45760,2013-11-01
45770,2014-01-13
45797,2015-07-16
4580,2012-09-19
458000,2020-04-21
458590,2020-07-11
458730,2020-08-16
458830,2020-08-19
459820,2020-05-16
459910,2020-06-24
459940,2020-04-20
460120,2020-07-09
461244,2020-06-29
461400,2020-07-23
461560,2020-08-04
461680,2020-04-29
461880,2020-06-06
46260,2015-12-29
46280,2020-02-29
462930,2020-08-27
463110,2020-06-20
463210,2020-08-16
463290,2020-05-10
463390,2020-06-07
463490,2020-05-12
46350,2015-03-17
463550,2020-06-01
46440,2014-07-22
464780,2020-06-30
465020,2020-05-11
46540,2014-04-03
466910,2020-05-05
46770,2015-04-26
467820,2020-08-26
467900,2020-07-24
468240,2020-06-25
468410,2020-05-13
468560,2020-05-28
469730,2020-09-04
469990,2020-06-16
4700,2011-01-17
471710,2020-08-26
4720,2020-02-26
472060,2020-06-25
472680,2020-07-05
473460,2020-09-03
473580,2020-08-25
473850,2020-05-17
47400,2013-12-22
474010,2020-06-02
474030,2020-07-01
47410,2013-09-13
474750,2020-08-23
475150,2020-08-31
475230,2020-07-01
475490,2020-05-23
475990,2020-05-31
4760,2011-01-03
476460,2020-08-26
47700,2011-06-24
477160,2020-07-24
477270,2020-06-10
477310,2020-09-17
47780,2013-12-06
47790,2013-08-17
4780,2013-12-29
47800,2020-01-07
47810,2013-12-10
47870,2012-08-11
47890,2013-11-23
47920,2014-03-03
479260,2020-05-29
48000,2012-11-07
480480,2020-08-03
480630,2020-06-21
480631,2020-07-25
48110,2014-01-13
48180,2013-04-01
48190,2011-06-27
48220,2012-09-06
48240,2012-07-24
482920,2020-07-05
4830,2013-08-22
4850,2013-02-02
485380,2020-06-16
485800,2020-05-31
485890,2020-06-02
48700,2010-11-22
48705,2014-11-20
48720,2011-10-15
487220,2020-07-08
487280,2020-06-22
487700,2020-07-07
48800,2014-03-19
488280,2020-07-02
488310,2020-08-17
488660,2020-07-25
489220,2020-08-25
48950,2011-12-24
489700,2020-06-11
490650,2020-08-29
491130,2020-08-02
491260,2020-07-07
4920,2012-11-07
493370,2020-08-09
49400,2011-02-05
494470,2020-08-16
49470,2014-03-07
49520,2012-09-21
49540,2013-02-12
495890,2020-07-25
495910,2020-08-15
49600,2011-07-06
496240,2020-09-03
496250,2020-08-25
496300,2020-08-10
496890,2020-08-06
496920,2020-07-23
497180,2020-08-07
497850,2020-08-14
49800,2014-05-31
498240,2020-08-03
498580,2020-07-22
499100,2020-08-23
499440,2020-07-21
499540,2020-08-12
50,2013-09-09
500,2011-07-04
500590,2020-08-03
50130,2011-03-10
501760,2020-08-17
501800,2020-07-16
502550,2020-07-18
50300,2012-08-20
503300,2020-08-21
503770,2020-09-13
504490,2020-08-25
50510,2011-06-24
506140,2020-08-17
50620,2012-11-17
50650,2013-01-04
506590,2020-08-07
508590,2020-09-15
508600,2020-08-23
509060,2020-08-18
509840,2020-08-13
510050,2020-08-06
51100,2013-09-20
512300,2020-09-09
512340,2020-08-18
512470,2020-08-25
512540,2020-09-03
512630,2020-08-18
514520,2020-08-18
516040,2020-08-26
520550,2020-09-14
521340,2020-09-16
521430,2020-08-25
521570,2020-08-29
521990,2020-09-17
527340,2020-09-15
550,2010-11-26
55040,2011-10-27
55100,2013-01-18
55110,2012-01-02
55140,2012-01-19
55150,2011-12-08
55230,2011-11-14
55345,2015-01-16
55370,2011-11-17
55381,2015-05-22
55475,2015-05-13
56400,2011-07-03
570,2011-12-04
57000,2011-12-27
57300,2010-12-11
57400,2011-12-28
57600,2012-04-04
57640,2014-04-15
57680,2014-06-30
57690,2012-07-20
57740,2012-04-24
57900,2011-07-05
58200,2011-07-04
58230,2015-08-10
58520,2014-06-22
58540,2010-12-20
58610,2013-04-08
60,2012-12-24
6000,2013-12-31
6020,2012-11-18
6030,2011-11-29
6060,2011-09-23
60800,2014-03-01
6100,2013-11-26
61100,2013-08-20
6120,2015-11-20
61220,2014-04-25
61310,2013-11-05
61500,2011-12-27
61600,2011-02-25
61730,2014-06-25
620,2011-04-22
62000,2011-11-26
6210,2020-05-14
62100,2010-12-09
6220,2013-09-14
630,2010-11-28
6310,2013-07-22
63200,2011-02-17
63380,2013-01-27
63500,2011-12-22
63610,2014-01-02
63660,2020-01-04
6370,2015-03-06
63700,2013-12-10
63710,2011-07-04
63800,2014-12-22
63900,2011-11-25
63940,2011-09-09
64000,2012-06-19
6420,2013-07-23
65300,2013-11-25
6550,2014-02-22
65560,2013-12-02
65730,2014-01-30
65740,2014-01-17
65780,2015-11-19
65790,2014-05-17
65800,2011-12-27
65930,2013-08-23
65980,2014-10-23
67370,2013-05-13
6800,2015-09-05
6830,2020-08-21
6850,2013-07-18
6860,2011-01-22
6870,2014-12-24
6880,2011-08-23
6900,2014-10-26
6910,2011-06-06
6950,2011-03-22
6980,2014-03-24
70,2011-01-27
7000,2012-11-07
70000,2012-02-29
70100,2014-05-19
7020,2020-05-11
70300,2011-07-30
70310,2012-11-01
70400,2010-12-28
70600,2014-07-14
70620,2014-12-18
70640,2014-11-08
70650,2020-03-05
71000,2020-09-03
71165,2012-02-02
71230,2014-12-22
71250,2014-11-06
71270,2012-05-28
71340,2011-11-03
71390,2014-08-23
7200,2010-12-18
72000,2012-12-27
72200,2013-02-11
72730,2014-10-31
72750,2015-01-12
72760,2020-04-28
72840,2015-06-22
72850,2011-11-09
72900,2015-06-30
730,2012-08-18
73010,2012-05-17
73020,2013-07-16
73170,2013-12-16
73210,2011-09-16
73220,2014-06-19
7510,2013-10-18
7520,2012-03-24
7600,2015-05-31
7660,2012-06-18
7670,2011-07-03
7730,2013-06-09
7760,2011-12-31
7770,2014-02-05
78000,2014-05-19
7830,2011-09-07
7840,2013-11-07
7860,2013-04-26
7940,2012-06-13
80,2011-12-28
8000,2015-12-11
80000,2011-07-04
80310,2015-02-01
8080,2015-03-02
8140,2020-02-19
8170,2014-07-04
8190,2011-01-04
8230,2014-07-09
8310,2014-03-08
8340,2013-06-04
8400,2014-01-07
8500,2011-02-14
8600,2013-12-07
8800,2010-11-24
8850,2012-09-21
8870,2013-04-02
8880,2014-10-13
8930,2010-12-25
8970,2015-08-10
8980,2011-07-03
8990,2012-02-11
9010,2015-06-25
9050,2011-12-27
9070,2015-03-08
91200,2011-08-02
91310,2011-09-11
91330,2013-12-17
91333,2015-04-02
9160,2014-07-20
91600,2014-01-27
91700,2011-08-06
9180,2011-10-08
91800,2015-04-26
91900,2012-01-08
9200,2011-11-09
92000,2014-03-07
92100,2015-07-21
92300,2011-12-27
92500,2013-06-25
92700,2014-01-07
92800,2011-07-03
93200,2011-09-22
9340,2014-05-15
9350,2013-12-11
94000,2012-06-27
9420,2012-12-31
94200,2011-12-27
94300,2015-10-23
94400,2014-01-13
9450,2014-06-14
94590,2014-12-29
9460,2014-07-08
9480,2011-01-22
9500,2013-09-30
95300,2013-12-23
95400,2014-10-02
95700,2020-09-15
96000,2014-06-22
96100,2014-04-17
96200,2014-04-25
96300,2012-12-22
96400,2012-05-18
96800,2013-04-24
97000,2012-10-23
97100,2011-06-03
9730,2015-06-11
97330,2012-12-16
98200,2011-08-15
98300,2012-10-01
98400,2011-09-15
98421,2020-05-13
98500,2013-12-07
9860,2012-07-18
98600,2012-07-13
9870,2014-10-31
9880,2011-11-03
98800,2011-07-22
9900,2013-03-30
99100,2013-12-17
9930,2014-06-20
99300,2012-05-05
9940,2014-05-22
99400,2014-03-29
99700,2011-12-13
99810,2013-01-24
99900,2011-06-26
99910,2011-12-28
